id,name,party,faction,source,image,term,name__ar,name__en
aaba,Abdelaziz Aba,Independence Party,Istiqlalian group of unity and egalitarianism,http://www.chambredesrepresentants.ma/en/m/aaba,http://www.chambredesrepresentants.ma/sites/default/files/styles/thumbnail/public/pictures/picture-1280-1484670079.jpg?itok=3Hh8YixZ,,عبد العزيز ابا,Abdelaziz Aba
aaboufaris,Abdellah Aboufaris,Independence Party,Istiqlalian group of unity and egalitarianism,http://www.chambredesrepresentants.ma/en/m/aaboufaris,http://www.chambredesrepresentants.ma/sites/default/files/styles/thumbnail/public/pictures/picture-_199.jpg?itok=hk32iTc0,,عبد الله ابوفارس,Abdellah Aboufaris
aadourrak,Ahmed Adourrak,Justice and Development Party,Groupe of Justice and Development,http://www.chambredesrepresentants.ma/en/m/aadourrak,http://www.chambredesrepresentants.ma/sites/default/files/styles/thumbnail/public/pictures/picture-_262.jpg?itok=qdlBdgg7,,احمد ادراق,Ahmed Adourrak
aahlelmekki,Abdelfettah Ahl Elmekki,Socialist Union of Popular Forces,Socialist Group,http://www.chambredesrepresentants.ma/en/m/aahlelmekki,http://www.chambredesrepresentants.ma/sites/default/files/styles/thumbnail/public/pictures/picture-1288-1485175046.png?itok=ptT1wdM5,,عبد الفتاح اهل المكي,Abdelfettah Ahl Elmekki
aaitheddou,Aicha Ait Heddou,Authenticity and Modernity Party,Group of Authenticity and Modernity,http://www.chambredesrepresentants.ma/en/m/aaitheddou,http://www.chambredesrepresentants.ma/sites/default/files/styles/thumbnail/public/pictures/picture-1293-1485174414.jpg?itok=XQOAAeN1,,عائشة ايت حدو,Aicha Ait Heddou
aaitlaadila,Abdelmjid Ait Laadila,Justice and Development Party,Groupe of Justice and Development,http://www.chambredesrepresentants.ma/en/m/aaitlaadila,http://www.chambredesrepresentants.ma/sites/default/files/styles/thumbnail/public/pictures/picture-_167.jpg?itok=F6fMBQK1,,عبد المجيد ايت العديلة,Abdelmjid Ait Laadila
aalaoui,Abdellah Alaoui,Constitutional Union,Group of Constitutional Rally,http://www.chambredesrepresentants.ma/en/m/aalaoui,http://www.chambredesrepresentants.ma/sites/default/files/styles/thumbnail/public/pictures/picture-_20.jpg?itok=J0kM1T70,,عبد الله العلوي,Abdellah Alaoui
aamara,Abdelkader Amara,Justice and Development Party,Groupe of Justice and Development,http://www.chambredesrepresentants.ma/en/m/aamara,http://www.chambredesrepresentants.ma/sites/default/files/styles/thumbnail/public/pictures/picture-_98.jpg?itok=PSOGRFG7,,عبد القادر اعمارة,Abdelkader Amara
aamniouel,Ali Amniouel,Party of Progress and Socialism,Parliamentary group of progress and Socialism,http://www.chambredesrepresentants.ma/en/m/aamniouel,http://www.chambredesrepresentants.ma/sites/default/files/styles/thumbnail/public/pictures/picture-_5.jpg?itok=hk1W19R3,,علي امنيول,Ali Amniouel
aarbouch,Amal Arbouch,Authenticity and Modernity Party,Group of Authenticity and Modernity,http://www.chambredesrepresentants.ma/en/m/aarbouch,http://www.chambredesrepresentants.ma/sites/default/files/styles/thumbnail/public/pictures/picture-_355.jpg?itok=mMSQdDpz,,امال عربوش,Amal Arbouch
aarchane,Abdessamad Archane,Democratic and Social Movement,Group of Constitutional Rally,http://www.chambredesrepresentants.ma/en/m/aarchane,http://www.chambredesrepresentants.ma/sites/default/files/styles/thumbnail/public/pictures/picture-_116.jpg?itok=Qo5jcsJQ,,عبد الصمد عرشان,Abdessamad Archane
aatmoun,Abderrahim Atmoun,Authenticity and Modernity Party,Group of Authenticity and Modernity,http://www.chambredesrepresentants.ma/en/m/aatmoun,http://www.chambredesrepresentants.ma/sites/default/files/styles/thumbnail/public/pictures/picture-_145.jpg?itok=2d_Dp-Pb,,عبد الرحيم عتمون,Abderrahim Atmoun
abakouri,Abdesslam Bakouri,Authenticity and Modernity Party,Group of Authenticity and Modernity,http://www.chambredesrepresentants.ma/en/m/abakouri,http://www.chambredesrepresentants.ma/sites/default/files/styles/thumbnail/public/pictures/picture-_228.jpg?itok=8X_bmyMj,,عبد السلام الباكوري,Abdesslam Bakouri
abenkiran,Abdelilah Benkiran,Justice and Development Party,Groupe of Justice and Development,http://www.chambredesrepresentants.ma/en/m/abenkiran,http://www.chambredesrepresentants.ma/sites/default/files/styles/thumbnail/public/pictures/picture-_92.jpg?itok=jmOQFnYe,,عبد الاله ابن كيران,Abdelilah Benkiran
abenyaacoub,Abdellatif Benyaacoub,Justice and Development Party,Groupe of Justice and Development,http://www.chambredesrepresentants.ma/en/m/abenyaacoub,http://www.chambredesrepresentants.ma/sites/default/files/styles/thumbnail/public/pictures/picture-_87.jpg?itok=JgjW9HER,,عبد اللطيف ابن يعقوب,Abdellatif Benyaacoub
abilat,Abdellah Bilat,Authenticity and Modernity Party,Group of Authenticity and Modernity,http://www.chambredesrepresentants.ma/en/m/abilat,http://www.chambredesrepresentants.ma/sites/default/files/styles/thumbnail/public/pictures/picture-_290.jpg?itok=hKxnv9Bt,,عبد الله بيلات,Abdellah Bilat
abouanou,Abdellah Bouanou,Justice and Development Party,Groupe of Justice and Development,http://www.chambredesrepresentants.ma/en/m/abouanou,http://www.chambredesrepresentants.ma/sites/default/files/styles/thumbnail/public/pictures/picture-_61.jpg?itok=ISx5o_1i,,عبد الله بووانو,Abdellah Bouanou
abouarfa,Addi Bouarfa,Authenticity and Modernity Party,Group of Authenticity and Modernity,http://www.chambredesrepresentants.ma/en/m/abouarfa,http://www.chambredesrepresentants.ma/sites/default/files/styles/thumbnail/public/pictures/picture-_242.jpg?itok=bRZivyEM,,عدي بوعرفة,Addi Bouarfa
aboudraa,Abdelkader Boudraa,Authenticity and Modernity Party,Group of Authenticity and Modernity,http://www.chambredesrepresentants.ma/en/m/aboudraa,http://www.chambredesrepresentants.ma/sites/default/files/styles/thumbnail/public/pictures/picture-_162.jpg?itok=k0AGTpOE,,عبد القادر بودراع,Abdelkader Boudraa
abouhercha,Abdelouahed Bouhercha,Justice and Development Party,Groupe of Justice and Development,http://www.chambredesrepresentants.ma/en/m/abouhercha,http://www.chambredesrepresentants.ma/sites/default/files/styles/thumbnail/public/pictures/picture-_54.jpg?itok=Lb437K8U,,عبد الواحد بوحرشة,Abdelouahed Bouhercha
aboukili,Abdellah Boukili,National Rally of Independents,Group of Constitutional Rally,http://www.chambredesrepresentants.ma/en/m/aboukili,http://www.chambredesrepresentants.ma/sites/default/files/styles/thumbnail/public/pictures/picture-_35.jpg?itok=Fp29dkiD,,عبد الله البوكيلي,Abdellah Boukili
aboukir,Amal Boukir,Authenticity and Modernity Party,Group of Authenticity and Modernity,http://www.chambredesrepresentants.ma/en/m/aboukir,http://www.chambredesrepresentants.ma/sites/default/files/styles/thumbnail/public/pictures/picture-_11.jpg?itok=qmPUzWHV,,امال بوكير,Amal Boukir
abouzekri,Abla Bouzekri,Independence Party,Istiqlalian group of unity and egalitarianism,http://www.chambredesrepresentants.ma/en/m/abouzekri,http://www.chambredesrepresentants.ma/sites/default/files/styles/thumbnail/public/pictures/picture-_328.jpg?itok=CPuWM0wR,,عبلة بوزكري,Abla Bouzekri
abrija,Ahmed Brija,Authenticity and Modernity Party,Group of Authenticity and Modernity,http://www.chambredesrepresentants.ma/en/m/abrija,http://www.chambredesrepresentants.ma/sites/default/files/styles/thumbnail/public/pictures/picture-_168.jpg?itok=GC60A2iT,,احمد بريجة,Ahmed Brija
achaabi,Asmaa Chaabi,Authenticity and Modernity Party,Group of Authenticity and Modernity,http://www.chambredesrepresentants.ma/en/m/achaabi,http://www.chambredesrepresentants.ma/sites/default/files/styles/thumbnail/public/pictures/picture-_224.jpg?itok=GzmBJEyd,,اسماء الشعبي,Asmaa Chaabi
achafik,Abdelhak Chafik,Authenticity and Modernity Party,Group of Authenticity and Modernity,http://www.chambredesrepresentants.ma/en/m/achafik,http://www.chambredesrepresentants.ma/sites/default/files/styles/thumbnail/public/pictures/picture-_163.jpg?itok=_059S5ZR,,عبد الحق الشفيق,Abdelhak Chafik
achaouki,Ahmed Chaouki,Authenticity and Modernity Party,Group of Authenticity and Modernity,http://www.chambredesrepresentants.ma/en/m/achaouki,http://www.chambredesrepresentants.ma/sites/default/files/styles/thumbnail/public/pictures/picture-_74.jpg?itok=tlPFOzTM,,احمد شوكي,Ahmed Chaouki
acheggaf,Aziza Cheggaf,Authenticity and Modernity Party,Group of Authenticity and Modernity,http://www.chambredesrepresentants.ma/en/m/acheggaf,http://www.chambredesrepresentants.ma/sites/default/files/styles/thumbnail/public/pictures/picture-_304.jpg?itok=5Zj8CeFF,,عزيزة الشكاف,Aziza Cheggaf
achegri,Abdelkrim Chegri,Authenticity and Modernity Party,Group of Authenticity and Modernity,http://www.chambredesrepresentants.ma/en/m/achegri,http://www.chambredesrepresentants.ma/sites/default/files/styles/thumbnail/public/pictures/picture-_183.jpg?itok=n9QqUha_,,عبدالكريم شكري,Abdelkrim Chegri
achrika,Abdelhadi Chrika,Authenticity and Modernity Party,Group of Authenticity and Modernity,http://www.chambredesrepresentants.ma/en/m/achrika,http://www.chambredesrepresentants.ma/sites/default/files/styles/thumbnail/public/pictures/picture-_139.jpg?itok=i3Q67IRL,,عبد الهادي الشريكة,Abdelhadi Chrika
aelaaidi,Abdellatif Elaaidi,Justice and Development Party,Groupe of Justice and Development,http://www.chambredesrepresentants.ma/en/m/aelaaidi,http://www.chambredesrepresentants.ma/sites/default/files/styles/thumbnail/public/pictures/picture-_227.jpg?itok=nZNdEt8c,,عبداللطيف العيدي,Abdellatif Elaaidi
aelahmadi,Abdelhakim ElAhmadi,Popular Movement,Group Movement,http://www.chambredesrepresentants.ma/en/m/aelahmadi,http://www.chambredesrepresentants.ma/sites/default/files/styles/thumbnail/public/pictures/picture-_377.jpg?itok=Nl46k_SK,,عبدالحكيم الاحمدي,Abdelhakim ElAhmadi
aelamroui,Allal Elamroui,Independence Party,Istiqlalian group of unity and egalitarianism,http://www.chambredesrepresentants.ma/en/m/aelamroui,http://www.chambredesrepresentants.ma/sites/default/files/styles/thumbnail/public/pictures/picture-_55.jpg?itok=vkI1GFVi,,علال العمروي,Allal Elamroui
aelansari,Abdelouahed ElAnsari,Independence Party,Istiqlalian group of unity and egalitarianism,http://www.chambredesrepresentants.ma/en/m/aelansari,http://www.chambredesrepresentants.ma/sites/default/files/styles/thumbnail/public/pictures/picture-_62.jpg?itok=J9uI4z-0,,عبد الواحد الانصاري,Abdelouahed ElAnsari
aelaouni,Abdelfattah ElAouni,Authenticity and Modernity Party,Group of Authenticity and Modernity,http://www.chambredesrepresentants.ma/en/m/aelaouni,http://www.chambredesrepresentants.ma/sites/default/files/styles/thumbnail/public/pictures/picture-_85.jpg?itok=tXVC5cV5,,عبد الفتاح العوني,Abdelfattah ElAouni
aelarrak,Azouha Elarrak,Justice and Development Party,Groupe of Justice and Development,http://www.chambredesrepresentants.ma/en/m/aelarrak,http://www.chambredesrepresentants.ma/sites/default/files/styles/thumbnail/public/pictures/picture-_295.jpg?itok=4uK76nJ0,,عزوها العراك,Azouha Elarrak
aelayed,Abdelaziz ElAyed,Justice and Development Party,Groupe of Justice and Development,http://www.chambredesrepresentants.ma/en/m/aelayed,http://www.chambredesrepresentants.ma/sites/default/files/styles/thumbnail/public/pictures/picture-_102.jpg?itok=9OGTE39q,,عبد العزيز لعايض,Abdelaziz ElAyed
aelbasri,Abdelkhaled Elbasri,Justice and Development Party,Groupe of Justice and Development,http://www.chambredesrepresentants.ma/en/m/aelbasri,http://www.chambredesrepresentants.ma/sites/default/files/styles/thumbnail/public/pictures/picture-_230.jpg?itok=YBnwv8-y,,عبد الخاليد البصري,Abdelkhaled Elbasri
aelbitar,Adil Elbitar,Authenticity and Modernity Party,Group of Authenticity and Modernity,http://www.chambredesrepresentants.ma/en/m/aelbitar,http://www.chambredesrepresentants.ma/sites/default/files/styles/thumbnail/public/pictures/picture-_159.jpg?itok=ab-QuqRl,,عادل البيطار,Adil Elbitar
aelghazoui,Ahmed Elghazoui,Party of Progress and Socialism,Parliamentary group of progress and Socialism,http://www.chambredesrepresentants.ma/en/m/aelghazoui,http://www.chambredesrepresentants.ma/sites/default/files/styles/thumbnail/public/pictures/picture-_121.jpg?itok=aWT7yxo1,,احمد الغزوي,Ahmed Elghazoui
aelhiqi,Ahmed Elhiqi,Justice and Development Party,Groupe of Justice and Development,http://www.chambredesrepresentants.ma/en/m/aelhiqi,http://www.chambredesrepresentants.ma/sites/default/files/styles/thumbnail/public/pictures/picture-_117.jpg?itok=FJZr4_EK,,احمد الهيقي,Ahmed Elhiqi
aelkerraa,Abderrahim Elkerraa,Justice and Development Party,Groupe of Justice and Development,http://www.chambredesrepresentants.ma/en/m/aelkerraa,http://www.chambredesrepresentants.ma/sites/default/files/styles/thumbnail/public/pictures/picture-_91.jpg?itok=7QBPpP_0,,عبد الرحيم لقراع,Abderrahim Elkerraa
aelmokrieelidrissi,Abouzaid ElMokrie ElIdrissi,Justice and Development Party,Groupe of Justice and Development,http://www.chambredesrepresentants.ma/en/m/aelmokrieelidrissi,http://www.chambredesrepresentants.ma/sites/default/files/styles/thumbnail/public/pictures/picture-1167-1485173658.jpg?itok=Y8IBW6Cz,,ابوزيد المقري الادريسي,Abouzaid ElMokrie ElIdrissi
aelomari,Abdelaziz Elomari,Justice and Development Party,Groupe of Justice and Development,http://www.chambredesrepresentants.ma/en/m/aelomari,http://www.chambredesrepresentants.ma/sites/default/files/styles/thumbnail/public/pictures/picture-_157.jpg?itok=sr7RJXC1,,عبد العزيز عماري,Abdelaziz Elomari
aennajhi,Abdelhak Ennajhi,Justice and Development Party,Groupe of Justice and Development,http://www.chambredesrepresentants.ma/en/m/aennajhi,http://www.chambredesrepresentants.ma/sites/default/files/styles/thumbnail/public/pictures/picture-_152.jpg?itok=wGGnojo6,,عبد الحق الناجحي,Abdelhak Ennajhi
afaouzizizi,Amina Faouzi Zizi,Justice and Development Party,Groupe of Justice and Development,http://www.chambredesrepresentants.ma/en/m/afaouzizizi,http://www.chambredesrepresentants.ma/sites/default/files/styles/thumbnail/public/pictures/picture-1318-1485172876.png?itok=p8heSGrQ,,امينة فوزي زيزي,Amina Faouzi Zizi
afarah,Aicha farah,Authenticity and Modernity Party,Group of Authenticity and Modernity,http://www.chambredesrepresentants.ma/en/m/afarah,http://www.chambredesrepresentants.ma/sites/default/files/styles/thumbnail/public/pictures/picture-_359.jpg?itok=lUtgigga,,عائشة فرح,Aicha farah
afassifihri,Abdelmjid Fassi Fihri,Independence Party,Istiqlalian group of unity and egalitarianism,http://www.chambredesrepresentants.ma/en/m/afassifihri,http://www.chambredesrepresentants.ma/sites/default/files/styles/thumbnail/public/pictures/picture-_373.jpg?itok=aUX-PwsX,,عبدالمجيد الفاسي الفهري,Abdelmjid Fassi Fihri
afouiqer,Abdellatif Fouiqer,Authenticity and Modernity Party,Group of Authenticity and Modernity,http://www.chambredesrepresentants.ma/en/m/afouiqer,http://www.chambredesrepresentants.ma/sites/default/files/styles/thumbnail/public/pictures/picture-_75.jpg?itok=ekFGS9oy,,عبد اللطيف الفويقر,Abdellatif Fouiqer
aghazi,Abdellah Ghazi,National Rally of Independents,Group of Constitutional Rally,http://www.chambredesrepresentants.ma/en/m/aghazi,http://www.chambredesrepresentants.ma/sites/default/files/styles/thumbnail/public/pictures/picture-_274.jpg?itok=hQXJJFQG,,عبد الله غازي,Abdellah Ghazi
aghlalou,Asmaa Ghlalou,National Rally of Independents,Group of Constitutional Rally,http://www.chambredesrepresentants.ma/en/m/aghlalou,http://www.chambredesrepresentants.ma/sites/default/files/styles/thumbnail/public/pictures/picture-_351.jpg?itok=bBlo0PKE,,اسماء غلالو,Asmaa Ghlalou
ahadori,Abdelkader Hadori,Authenticity and Modernity Party,Group of Authenticity and Modernity,http://www.chambredesrepresentants.ma/en/m/ahadori,http://www.chambredesrepresentants.ma/sites/default/files/styles/thumbnail/public/pictures/picture-_27.jpg?itok=5eIUiG6-,,عبد القادر حظوري,Abdelkader Hadori
ahamel,Abdellah Hamel,Justice and Development Party,Groupe of Justice and Development,http://www.chambredesrepresentants.ma/en/m/ahamel,http://www.chambredesrepresentants.ma/sites/default/files/styles/thumbnail/public/pictures/picture-_28.jpg?itok=RXLFqeq5,,عبد الله هامل,Abdellah Hamel
aharfi,Abderahmane Harfi,Constitutional Union,Group of Constitutional Rally,http://www.chambredesrepresentants.ma/en/m/aharfi,http://www.chambredesrepresentants.ma/sites/default/files/styles/thumbnail/public/pictures/picture-_118.jpg?itok=K-9Ht4Jj,,عبد الرحمان حرفي,Abderahmane Harfi
ahayker,Abdessamad Hayker,Justice and Development Party,Groupe of Justice and Development,http://www.chambredesrepresentants.ma/en/m/ahayker,http://www.chambredesrepresentants.ma/sites/default/files/styles/thumbnail/public/pictures/picture-_151.jpg?itok=qdil74mS,,عبد الصمد حيكر,Abdessamad Hayker
ahennaoui,Abdellah Hennaoui,Justice and Development Party,Groupe of Justice and Development,http://www.chambredesrepresentants.ma/en/m/ahennaoui,http://www.chambredesrepresentants.ma/sites/default/files/styles/thumbnail/public/pictures/picture-_239.jpg?itok=kveZEXIU,,عبد الله هناوي,Abdellah Hennaoui
aidabadda,Abdellah Idabadda,Authenticity and Modernity Party,Group of Authenticity and Modernity,http://www.chambredesrepresentants.ma/en/m/aidabadda,http://www.chambredesrepresentants.ma/sites/default/files/styles/thumbnail/public/pictures/picture-_288.jpg?itok=Kbf3gxYs,,عبد الله اد بدا,Abdellah Idabadda
aidbouch,Aicha Idbouch,Justice and Development Party,Groupe of Justice and Development,http://www.chambredesrepresentants.ma/en/m/aidbouch,http://www.chambredesrepresentants.ma/sites/default/files/styles/thumbnail/public/pictures/picture-_325.jpg?itok=dqCe-QPC,,عائشة ايدبوش,Aicha Idbouch
aidrissibouzidi,Abdellah Idrissi Bouzidi,Party of Progress and Socialism,Parliamentary group of progress and Socialism,http://www.chambredesrepresentants.ma/en/m/aidrissibouzidi,http://www.chambredesrepresentants.ma/sites/default/files/styles/thumbnail/public/pictures/picture-1062-1485175456.png?itok=8gEZwj8T,,عبداللـه الادريسي البوزيدي,Abdellah Idrissi Bouzidi
ajanah,Abdelghni Janah,Independence Party,Istiqlalian group of unity and egalitarianism,http://www.chambredesrepresentants.ma/en/m/ajanah,http://www.chambredesrepresentants.ma/sites/default/files/styles/thumbnail/public/pictures/picture-_213.jpg?itok=ewrWIx64,,عبد الغاني جناح,Abdelghni Janah
ajedar,Ahmed Jedar,Justice and Development Party,Groupe of Justice and Development,http://www.chambredesrepresentants.ma/en/m/ajedar,http://www.chambredesrepresentants.ma/sites/default/files/styles/thumbnail/public/pictures/picture-_160.jpg?itok=fiA6OSRc,,احمد جدار,Ahmed Jedar
ajeghaoui,Ali Jeghaoui,Independence Party,Istiqlalian group of unity and egalitarianism,http://www.chambredesrepresentants.ma/en/m/ajeghaoui,http://www.chambredesrepresentants.ma/sites/default/files/styles/thumbnail/public/pictures/picture-_45.jpg?itok=hJ3Euhw3,,علي الجغاوي,Ali Jeghaoui
ajoubij,Abdelmjid Joubij,Justice and Development Party,Groupe of Justice and Development,http://www.chambredesrepresentants.ma/en/m/ajoubij,http://www.chambredesrepresentants.ma/sites/default/files/styles/thumbnail/public/pictures/picture-_170.jpg?itok=ZP0aBUgy,,عبد المجيد جوبيج,Abdelmjid Joubij
akayyouh,Ali Kayyouh,Independence Party,Istiqlalian group of unity and egalitarianism,http://www.chambredesrepresentants.ma/en/m/akayyouh,http://www.chambredesrepresentants.ma/sites/default/files/styles/thumbnail/public/pictures/picture-_266.jpg?itok=Iec20azP,,علي قيوح,Ali Kayyouh
akendil,Abdelkader Kendil,National Rally of Independents,Group of Constitutional Rally,http://www.chambredesrepresentants.ma/en/m/akendil,http://www.chambredesrepresentants.ma/sites/default/files/styles/thumbnail/public/pictures/picture-_204.jpg?itok=HF3UNtUl,,عبد القادر قنديل,Abdelkader Kendil
akhayyir,Abderahmane Khayyir,Independence Party,Istiqlalian group of unity and egalitarianism,http://www.chambredesrepresentants.ma/en/m/akhayyir,http://www.chambredesrepresentants.ma/sites/default/files/styles/thumbnail/public/pictures/picture-_130.jpg?itok=f35EOyf-,,عبد الرحمان خيير,Abderahmane Khayyir
akhzou,Addi Khzou,National Rally of Independents,Group of Constitutional Rally,http://www.chambredesrepresentants.ma/en/m/akhzou,http://www.chambredesrepresentants.ma/sites/default/files/styles/thumbnail/public/pictures/picture-_250.jpg?itok=03pQpwHh,,عدي خزو,Addi Khzou
akouskous,Abdelaziz Kouskous,Popular Movement,Group Movement,http://www.chambredesrepresentants.ma/en/m/akouskous,http://www.chambredesrepresentants.ma/sites/default/files/styles/thumbnail/public/pictures/picture-_81.jpg?itok=Tw4auORk,,عبد العزيز كوسكوس,Abdelaziz Kouskous
alachhab,Abdelaziz Lachhab,Independence Party,Istiqlalian group of unity and egalitarianism,http://www.chambredesrepresentants.ma/en/m/alachhab,http://www.chambredesrepresentants.ma/sites/default/files/styles/thumbnail/public/pictures/picture-_23.jpg?itok=YVRawN6t,,عبد العزيز لشهب,Abdelaziz Lachhab
alebbar,Aziz Lebbar,Authenticity and Modernity Party,Group of Authenticity and Modernity,http://www.chambredesrepresentants.ma/en/m/alebbar,http://www.chambredesrepresentants.ma/sites/default/files/styles/thumbnail/public/pictures/picture-_51.jpg?itok=HZg8FB8A,,عزيز اللبار,Aziz Lebbar
aleblaq,Aicha Leblaq,Party of Progress and Socialism,Parliamentary group of progress and Socialism,http://www.chambredesrepresentants.ma/en/m/aleblaq,http://www.chambredesrepresentants.ma/sites/default/files/styles/thumbnail/public/pictures/picture-_333.jpg?itok=CNka0DtG,,عائشة لبلق,Aicha Leblaq
alebriki,Abdelkader Lebriki,Popular Movement,Group Movement,http://www.chambredesrepresentants.ma/en/m/alebriki,http://www.chambredesrepresentants.ma/sites/default/files/styles/thumbnail/public/pictures/picture-_60.jpg?itok=FM_zfp0R,,عبدالقادر لبريكي,Abdelkader Lebriki
amaelainine,Amina Maelainine,Justice and Development Party,Groupe of Justice and Development,http://www.chambredesrepresentants.ma/en/m/amaelainine,http://www.chambredesrepresentants.ma/sites/default/files/styles/thumbnail/public/pictures/picture-_161.jpg?itok=-IwzDy5C,,ءامنة ماء العينين,Amina Maelainine
amekhdad,Abdelghni Mekhdad,Authenticity and Modernity Party,Group of Authenticity and Modernity,http://www.chambredesrepresentants.ma/en/m/amekhdad,http://www.chambredesrepresentants.ma/sites/default/files/styles/thumbnail/public/pictures/picture-_203.jpg?itok=bB2Y0qSS,,عبد الغني مخداد,Abdelghni Mekhdad
ameskine,Abdeljalil Meskine,Justice and Development Party,Groupe of Justice and Development,http://www.chambredesrepresentants.ma/en/m/ameskine,http://www.chambredesrepresentants.ma/sites/default/files/styles/thumbnail/public/pictures/picture-_267.jpg?itok=GdDWI_YL,,عبدالجليل مسكين,Abdeljalil Meskine
amessaoudi,Abdelouahed Messaoudi,Authenticity and Modernity Party,Group of Authenticity and Modernity,http://www.chambredesrepresentants.ma/en/m/amessaoudi,http://www.chambredesrepresentants.ma/sites/default/files/styles/thumbnail/public/pictures/picture-_83.jpg?itok=fQWQbHu4,,عبد الواحد المسعودي,Abdelouahed Messaoudi
amessoudi,Abdellah Messoudi,National Rally of Independents,Group of Constitutional Rally,http://www.chambredesrepresentants.ma/en/m/amessoudi,http://www.chambredesrepresentants.ma/sites/default/files/styles/thumbnail/public/pictures/picture-_259.jpg?itok=tHQNkHXA,,عبد الله مسعودي,Abdellah Messoudi
amirdass,Abdellatif Mirdass,Constitutional Union,Group of Constitutional Rally,http://www.chambredesrepresentants.ma/en/m/amirdass,http://www.chambredesrepresentants.ma/sites/default/files/styles/thumbnail/public/pictures/picture-1184-1485863243.png?itok=I6483tsq,,عبد اللطيف ميرداس,Abdellatif Mirdass
anacifi,Asmaa Nacifi,Justice and Development Party,Groupe of Justice and Development,http://www.chambredesrepresentants.ma/en/m/anacifi,http://www.chambredesrepresentants.ma/sites/default/files/styles/thumbnail/public/pictures/picture-_318.jpg?itok=w09Tv8Lg,,اسماء الناصفي,Asmaa Nacifi
anaciri,Abdellatif Naciri,Justice and Development Party,Groupe of Justice and Development,http://www.chambredesrepresentants.ma/en/m/anaciri,http://www.chambredesrepresentants.ma/sites/default/files/styles/thumbnail/public/pictures/picture-_165.jpg?itok=8DHuQEiW,,عبد اللطيف الناصري,Abdellatif Naciri
anaitidbou,Abderrazzak Nait Idbou,Unity and Democracy Party,Group of Constitutional Rally,http://www.chambredesrepresentants.ma/en/m/anaitidbou,http://www.chambredesrepresentants.ma/sites/default/files/styles/thumbnail/public/pictures/picture-_134.jpg?itok=XLoBh-KB,,عبد الرزاق نايت ادبو,Abderrazzak Nait Idbou
aomari,Abderahmane Omari,Popular Movement,Group Movement,http://www.chambredesrepresentants.ma/en/m/aomari,http://www.chambredesrepresentants.ma/sites/default/files/styles/thumbnail/public/pictures/picture-_22.jpg?itok=gGtcWHUd,,عبد الرحمان العمري,Abderahmane Omari
aouaamar,Abderrahim Ouaamar,Authenticity and Modernity Party,Group of Authenticity and Modernity,http://www.chambredesrepresentants.ma/en/m/aouaamar,http://www.chambredesrepresentants.ma/sites/default/files/styles/thumbnail/public/pictures/picture-_222.jpg?itok=NtVqo7dk,,عبد الرحيم واعمرو,Abderrahim Ouaamar
aouadki,Abdelaziz Ouadki,Constitutional Union,Group of Constitutional Rally,http://www.chambredesrepresentants.ma/en/m/aouadki,http://www.chambredesrepresentants.ma/sites/default/files/styles/thumbnail/public/pictures/picture-_13.jpg?itok=ajhL5PDr,,عبد العزيز الوادكي,Abdelaziz Ouadki
aouahbi,Abdellatif Ouahbi,Authenticity and Modernity Party,Group of Authenticity and Modernity,http://www.chambredesrepresentants.ma/en/m/aouahbi,http://www.chambredesrepresentants.ma/sites/default/files/styles/thumbnail/public/pictures/picture-_270.jpg?itok=I9gmWtBd,,عبد اللطيف وهبي,Abdellatif Ouahbi
aouberka,Abdellah Ouberka,Authenticity and Modernity Party,Group of Authenticity and Modernity,http://www.chambredesrepresentants.ma/en/m/aouberka,http://www.chambredesrepresentants.ma/sites/default/files/styles/thumbnail/public/pictures/picture-_281.jpg?itok=t_XgXksW,,عبد الله أبركى,Abdellah Ouberka
aouiddi,Amr Ouiddi,Green party of the Left,Group of Authenticity and Modernity,http://www.chambredesrepresentants.ma/en/m/aouiddi,http://www.chambredesrepresentants.ma/sites/default/files/styles/thumbnail/public/pictures/picture-_243.jpg?itok=cZDUE7k8,,عمرو ودي,Amr Ouiddi
aourzazi,Abderrazzak Ourzazi,Authenticity and Modernity Party,Group of Authenticity and Modernity,http://www.chambredesrepresentants.ma/en/m/aourzazi,http://www.chambredesrepresentants.ma/sites/default/files/styles/thumbnail/public/pictures/picture-_223.jpg?itok=Iw9g3SOS,,عبد الرزاق الورزازي,Abderrazzak Ourzazi
arachid,Abdellatif Rachid,Justice and Development Party,Groupe of Justice and Development,http://www.chambredesrepresentants.ma/en/m/arachid,http://www.chambredesrepresentants.ma/sites/default/files/styles/thumbnail/public/pictures/picture-_184.jpg?itok=jS2D5ZID,,عبداللطيف رشيد,Abdellatif Rachid
arachidi,Ahmed Rachidi,Justice and Development Party,Groupe of Justice and Development,http://www.chambredesrepresentants.ma/en/m/arachidi,http://www.chambredesrepresentants.ma/sites/default/files/styles/thumbnail/public/pictures/picture-_65.jpg?itok=qq3zQDOQ,,احمد رشيدي,Ahmed Rachidi
aradi,Abdelwahad Radi,Socialist Union of Popular Forces,Socialist Group,http://www.chambredesrepresentants.ma/en/m/aradi,http://www.chambredesrepresentants.ma/sites/default/files/styles/thumbnail/public/pictures/picture-_123.jpg?itok=0Td0UI03,,عبد الواحد الراضي,Abdelwahad Radi
arebbah,Aziz Rebbah,Justice and Development Party,Groupe of Justice and Development,http://www.chambredesrepresentants.ma/en/m/arebbah,http://www.chambredesrepresentants.ma/sites/default/files/styles/thumbnail/public/pictures/picture-_104.jpg?itok=jERil3Hi,,عزيز رباح,Aziz Rebbah
arezma,Ali Rezma,Justice and Development Party,Groupe of Justice and Development,http://www.chambredesrepresentants.ma/en/m/arezma,http://www.chambredesrepresentants.ma/sites/default/files/styles/thumbnail/public/pictures/picture-_291.jpg?itok=QTLCOoQL,,عالي الرزمة,Ali Rezma
asajda,Abdelhakim Sajda,Authenticity and Modernity Party,Group of Authenticity and Modernity,http://www.chambredesrepresentants.ma/en/m/asajda,http://www.chambredesrepresentants.ma/sites/default/files/styles/thumbnail/public/pictures/picture-_180.jpg?itok=hMJoVsMj,,عبد الحكيم سجدة,Abdelhakim Sajda
asbai,Adil Sbai,Popular Movement,Group Movement,http://www.chambredesrepresentants.ma/en/m/asbai,http://www.chambredesrepresentants.ma/sites/default/files/styles/thumbnail/public/pictures/picture-_233.jpg?itok=R3reDtrv,,عادل السباعي,Adil Sbai
asidki,Ahmed Sidki,Justice and Development Party,Groupe of Justice and Development,http://www.chambredesrepresentants.ma/en/m/asidki,http://www.chambredesrepresentants.ma/sites/default/files/styles/thumbnail/public/pictures/picture-_252.jpg?itok=lqTypOZd,,احمد صدقي,Ahmed Sidki
atoumi,Ahmed Toumi,Independence Party,Istiqlalian group of unity and egalitarianism,http://www.chambredesrepresentants.ma/en/m/atoumi,http://www.chambredesrepresentants.ma/sites/default/files/styles/thumbnail/public/pictures/picture-_221.jpg?itok=HD_jd5dD,,احمد التومي,Ahmed Toumi
azaim,Abdellatif Zaim,Authenticity and Modernity Party,Group of Authenticity and Modernity,http://www.chambredesrepresentants.ma/en/m/azaim,http://www.chambredesrepresentants.ma/sites/default/files/styles/thumbnail/public/pictures/picture-_229.jpg?itok=m1-F_XdV,,عبد اللطيف الزعيم,Abdellatif Zaim
azizaaba,Aziza Aba,Independence Party,Istiqlalian group of unity and egalitarianism,http://www.chambredesrepresentants.ma/en/m/azizaaba,http://www.chambredesrepresentants.ma/sites/default/files/styles/thumbnail/public/pictures/picture-1382-1484669916.jpg?itok=XdtUl51i,,عزيزة ابا,Aziza Aba
baaloulal,Belid Aaloulal,Justice and Development Party,Groupe of Justice and Development,http://www.chambredesrepresentants.ma/en/m/baaloulal,http://www.chambredesrepresentants.ma/sites/default/files/styles/thumbnail/public/pictures/picture-_220.jpg?itok=e9WuzjNm,,بلعيد اعلولال,Belid Aaloulal
bammar,Bouchaib Ammar,Authenticity and Modernity Party,Group of Authenticity and Modernity,http://www.chambredesrepresentants.ma/en/m/bammar,http://www.chambredesrepresentants.ma/sites/default/files/styles/thumbnail/public/pictures/picture-_202.jpg?itok=mY88zjDR,,بوشعيب عمار,Bouchaib Ammar
bboughden,Brahim Boughden,Justice and Development Party,Groupe of Justice and Development,http://www.chambredesrepresentants.ma/en/m/bboughden,http://www.chambredesrepresentants.ma/sites/default/files/styles/thumbnail/public/pictures/picture-_273.jpg?itok=yXWWLtjz,,ابراهيم بوغضن,Brahim Boughden
bchaoui,Belassal Chaoui,Constitutional Union,Group of Constitutional Rally,http://www.chambredesrepresentants.ma/en/m/bchaoui,http://www.chambredesrepresentants.ma/sites/default/files/styles/thumbnail/public/pictures/picture-_109.jpg?itok=IoF1itwN,,بلعسال شاوي,Belassal Chaoui
bchouiykh,Brahim Chouiykh,Justice and Development Party,Groupe of Justice and Development,http://www.chambredesrepresentants.ma/en/m/bchouiykh,http://www.chambredesrepresentants.ma/sites/default/files/styles/thumbnail/public/pictures/picture-_367.jpg?itok=vdJSQeSx,,ابراهيم الشويخ,Brahim Chouiykh
bdaif,Brahim Daif,Justice and Development Party,Groupe of Justice and Development,http://www.chambredesrepresentants.ma/en/m/bdaif,http://www.chambredesrepresentants.ma/sites/default/files/styles/thumbnail/public/pictures/picture-_285.jpg?itok=G0zHyq56,,ابراهيم الضعيف,Brahim Daif
beddich,Bouselham Eddich,National Rally of Independents,Group of Constitutional Rally,http://www.chambredesrepresentants.ma/en/m/beddich,http://www.chambredesrepresentants.ma/sites/default/files/styles/thumbnail/public/pictures/picture-_107.jpg?itok=EFODM3nz,,بوسلهام الديش,Bouselham Eddich
bfilali,Badia Filali,Authenticity and Modernity Party,Group of Authenticity and Modernity,http://www.chambredesrepresentants.ma/en/m/bfilali,http://www.chambredesrepresentants.ma/sites/default/files/styles/thumbnail/public/pictures/picture-_298.jpg?itok=_7-CMXJa,,بديعة الفيلالي,Badia Filali
bkarouri,Boutaina Karouri,Justice and Development Party,Groupe of Justice and Development,http://www.chambredesrepresentants.ma/en/m/bkarouri,http://www.chambredesrepresentants.ma/sites/default/files/styles/thumbnail/public/pictures/picture-_310.jpg?itok=hfWgUG8H,,بثينة قروري,Boutaina Karouri
blbida,Bouadbid Lbida,Justice and Development Party,Groupe of Justice and Development,http://www.chambredesrepresentants.ma/en/m/blbida,http://www.chambredesrepresentants.ma/sites/default/files/styles/thumbnail/public/pictures/picture-_138.jpg?itok=n5YIGTwc,,بوعبيد لبيدة,Bouadbid Lbida
brachid,Bahloul Rachid,Socialist Union of Popular Forces,Socialist Group,http://www.chambredesrepresentants.ma/en/m/brachid,http://www.chambredesrepresentants.ma/sites/default/files/styles/thumbnail/public/pictures/picture-_198.jpg?itok=P9JQsAAY,,البهلول رشيد,Bahloul Rachid
btahiri,Badr Tahiri,National Rally of Independents,Group of Constitutional Rally,http://www.chambredesrepresentants.ma/en/m/btahiri,http://www.chambredesrepresentants.ma/sites/default/files/styles/thumbnail/public/pictures/picture-_58.jpg?itok=RN2mHY45,,بدر طاهري,Badr Tahiri
btouami,Badr Touami,Authenticity and Modernity Party,Group of Authenticity and Modernity,http://www.chambredesrepresentants.ma/en/m/btouami,http://www.chambredesrepresentants.ma/sites/default/files/styles/thumbnail/public/pictures/picture-_132.jpg?itok=TKsr8Sgz,,بدر التوامي,Badr Touami
cghoulmi,Cherki Ghoulmi,Justice and Development Party,Groupe of Justice and Development,http://www.chambredesrepresentants.ma/en/m/cghoulmi,http://www.chambredesrepresentants.ma/sites/default/files/styles/thumbnail/public/pictures/picture-_144.jpg?itok=4p9jE7RW,,الشرقي الغلمي,Cherki Ghoulmi
cimam,Cheqran Imam,Socialist Union of Popular Forces,Socialist Group,http://www.chambredesrepresentants.ma/en/m/cimam,http://www.chambredesrepresentants.ma/sites/default/files/styles/thumbnail/public/pictures/picture-_379.jpg?itok=8KuzP62f,,شقران امام,Cheqran Imam
cmiyara,Cheikh Miyara,Independence Party,Istiqlalian group of unity and egalitarianism,http://www.chambredesrepresentants.ma/en/m/cmiyara,http://www.chambredesrepresentants.ma/sites/default/files/styles/thumbnail/public/pictures/picture-_370.jpg?itok=7-QaNUh4,,الشيخ ميارة,Cheikh Miyara
cznaydi,Cherkaoui Znaydi,Socialist Union of Popular Forces,Socialist Group,http://www.chambredesrepresentants.ma/en/m/cznaydi,http://www.chambredesrepresentants.ma/sites/default/files/styles/thumbnail/public/pictures/picture-_137.jpg?itok=K3vPT4K2,,الشرقاوي الزنايدي,Cherkaoui Znaydi
dchtibi,Driss Chtibi,Socialist Union of Popular Forces,Socialist Group,http://www.chambredesrepresentants.ma/en/m/dchtibi,http://www.chambredesrepresentants.ma/sites/default/files/styles/thumbnail/public/pictures/picture-_70.jpg?itok=EGZ3d1Ny,,ادريس اشطيبي,Driss Chtibi
delazamielidrissi,Driss ElAzami ElIdrissi,Justice and Development Party,Groupe of Justice and Development,http://www.chambredesrepresentants.ma/en/m/delazamielidrissi,http://www.chambredesrepresentants.ma/sites/default/files/styles/thumbnail/public/pictures/picture-1043-1485171547.jpg?itok=ttRC9snx,,ادريس الازمي الادريسي,Driss ElAzami ElIdrissi
djeddi,Driss Jeddi,Independence Party,Istiqlalian group of unity and egalitarianism,http://www.chambredesrepresentants.ma/en/m/djeddi,http://www.chambredesrepresentants.ma/sites/default/files/styles/thumbnail/public/pictures/picture-_42.jpg?itok=O5IXPTA2,,ادريس جدي,Driss Jeddi
dmeskine,Driss Meskine,Justice and Development Party,Groupe of Justice and Development,http://www.chambredesrepresentants.ma/en/m/dmeskine,http://www.chambredesrepresentants.ma/sites/default/files/styles/thumbnail/public/pictures/picture-_69.jpg?itok=RWRbHW-l,,ادريس مسكين,Driss Meskine
douqemni,Driss Ouqemni,Authenticity and Modernity Party,Group of Authenticity and Modernity,http://www.chambredesrepresentants.ma/en/m/douqemni,http://www.chambredesrepresentants.ma/sites/default/files/styles/thumbnail/public/pictures/picture-_48.jpg?itok=qZlI0lV3,,ادريس اوقمني,Driss Ouqemni
dqechal,Driss Qechal,Constitutional Union,Group of Constitutional Rally,http://www.chambredesrepresentants.ma/en/m/dqechal,http://www.chambredesrepresentants.ma/sites/default/files/styles/thumbnail/public/pictures/picture-_59.jpg?itok=4kaoCql9,,ادريس قشال,Driss Qechal
dskalliadoui,Driss Skalli Adoui,Justice and Development Party,Groupe of Justice and Development,http://www.chambredesrepresentants.ma/en/m/dskalliadoui,http://www.chambredesrepresentants.ma/sites/default/files/styles/thumbnail/public/pictures/picture-1047-1484756624.jpg?itok=V6h13GVi,,ادريس صقلي عدوي,Driss Skalli Adoui
dtemri,Driss Temri,Justice and Development Party,Groupe of Justice and Development,http://www.chambredesrepresentants.ma/en/m/dtemri,http://www.chambredesrepresentants.ma/sites/default/files/styles/thumbnail/public/pictures/picture-_235.jpg?itok=tmenXqh0,,ادريس الثمري,Driss Temri
eameskane,Essaid Ameskane,Popular Movement,Group Movement,http://www.chambredesrepresentants.ma/en/m/eameskane,http://www.chambredesrepresentants.ma/sites/default/files/styles/thumbnail/public/pictures/picture-_244.jpg?itok=IrcuG2Cm,,السعيد امسكان,Essaid Ameskane
eazougagh,Elhoucine Azougagh,Independence Party,Istiqlalian group of unity and egalitarianism,http://www.chambredesrepresentants.ma/en/m/eazougagh,http://www.chambredesrepresentants.ma/sites/default/files/styles/thumbnail/public/pictures/picture-_265.jpg?itok=tNA4E-Ct,,الحسين ازوكاغ,Elhoucine Azougagh
ebenzaroual,Essaad Benzaroual,Authenticity and Modernity Party,Group of Authenticity and Modernity,http://www.chambredesrepresentants.ma/en/m/ebenzaroual,http://www.chambredesrepresentants.ma/sites/default/files/styles/thumbnail/public/pictures/picture-_119.jpg?itok=uNG8R0bA,,السعد ابن زروال,Essaad Benzaroual
eboulon,Essalek Boulon,Independence Party,Istiqlalian group of unity and egalitarianism,http://www.chambredesrepresentants.ma/en/m/eboulon,http://www.chambredesrepresentants.ma/sites/default/files/styles/thumbnail/public/pictures/picture-_282.jpg?itok=w7jW2n1S,,السالك بولون,Essalek Boulon
ebouzehay,Elhoucine Bouzehay,Independence Party,Istiqlalian group of unity and egalitarianism,http://www.chambredesrepresentants.ma/en/m/ebouzehay,http://www.chambredesrepresentants.ma/sites/default/files/styles/thumbnail/public/pictures/picture-_275.jpg?itok=8h5u6VIU,,الحسين بوزحاي,Elhoucine Bouzehay
eelmalki,Elhabib Elmalki,Socialist Union of Popular Forces,Socialist Group,http://www.chambredesrepresentants.ma/en/m/eelmalki,http://www.chambredesrepresentants.ma/sites/default/files/styles/thumbnail/public/pictures/picture-_147.jpg?itok=AAEbaqOc,,الحبيب المالكي,Elhabib Elmalki
eessadeq,Essaid Essadeq,Justice and Development Party,Groupe of Justice and Development,http://www.chambredesrepresentants.ma/en/m/eessadeq,http://www.chambredesrepresentants.ma/sites/default/files/styles/thumbnail/public/pictures/picture-_246.jpg?itok=T9IkTduI,,السعيد الصادق,Essaid Essadeq
eharich,Elhoucine Harich,Justice and Development Party,Groupe of Justice and Development,http://www.chambredesrepresentants.ma/en/m/eharich,http://www.chambredesrepresentants.ma/sites/default/files/styles/thumbnail/public/pictures/picture-_369.jpg?itok=0NW1iQ8A,,الحسين حريش,Elhoucine Harich
ehoussaini,ElHabib Houssaini,Party of Progress and Socialism,Parliamentary group of progress and Socialism,http://www.chambredesrepresentants.ma/en/m/ehoussaini,http://www.chambredesrepresentants.ma/sites/default/files/styles/thumbnail/public/pictures/picture-_113.jpg?itok=VWi8lnxM,,الحبيب حسيني,ElHabib Houssaini
emkhanter,ElMustapha Mkhanter,Popular Movement,Group Movement,http://www.chambredesrepresentants.ma/en/m/emkhanter,http://www.chambredesrepresentants.ma/sites/default/files/styles/thumbnail/public/pictures/picture-_178.jpg?itok=5MzwI9nj,,المصطفى المخنتر,ElMustapha Mkhanter
eqada,Elkbir Qada,Independence Party,Istiqlalian group of unity and egalitarianism,http://www.chambredesrepresentants.ma/en/m/eqada,http://www.chambredesrepresentants.ma/sites/default/files/styles/thumbnail/public/pictures/picture-_47.jpg?itok=EozNFG5k,,الكبير قادة,Elkbir Qada
eramid,Elfatmi Ramid,Justice and Development Party,Groupe of Justice and Development,http://www.chambredesrepresentants.ma/en/m/eramid,http://www.chambredesrepresentants.ma/sites/default/files/styles/thumbnail/public/pictures/picture-_155.jpg?itok=rLt9si31,,الفاطمي رميد,Elfatmi Ramid
fahltakrour,Fatima Ahl takrour,Justice and Development Party,Groupe of Justice and Development,http://www.chambredesrepresentants.ma/en/m/fahltakrour,http://www.chambredesrepresentants.ma/sites/default/files/styles/thumbnail/public/pictures/picture-_323.jpg?itok=ud6w_Mo0,,فاطمة اهل تكرور,Fatima Ahl takrour
fbersat,Fatima Ezzahra Bersat,Party of Progress and Socialism,Parliamentary group of progress and Socialism,http://www.chambredesrepresentants.ma/en/m/fbersat,http://www.chambredesrepresentants.ma/sites/default/files/styles/thumbnail/public/pictures/picture-_375.jpg?itok=hiQ9Zxp1,,فاطمة الزهراء برصات,Fatima Ezzahra Bersat
fchaabi,Faouzi Chaabi,Authenticity and Modernity Party,Group of Authenticity and Modernity,http://www.chambredesrepresentants.ma/en/m/fchaabi,http://www.chambredesrepresentants.ma/sites/default/files/styles/thumbnail/public/pictures/picture-_106.jpg?itok=h7dOvtFu,,فوزي الشعبي,Faouzi Chaabi
fchoubani,Fatiha Choubani,Justice and Development Party,Groupe of Justice and Development,http://www.chambredesrepresentants.ma/en/m/fchoubani,http://www.chambredesrepresentants.ma/sites/default/files/styles/thumbnail/public/pictures/picture-_324.jpg?itok=uHE4Nwoz,,فاتحة شوباني,Fatiha Choubani
fderqaoui,Fouad Derqaoui,Authenticity and Modernity Party,Group of Authenticity and Modernity,http://www.chambredesrepresentants.ma/en/m/fderqaoui,http://www.chambredesrepresentants.ma/sites/default/files/styles/thumbnail/public/pictures/picture-_34.jpg?itok=pKjdoQEV,,فؤاد الدرقاوي,Fouad Derqaoui
felmansouri,Fatima Ezzahra El Mansouri,Authenticity and Modernity Party,Group of Authenticity and Modernity,http://www.chambredesrepresentants.ma/en/m/felmansouri,http://www.chambredesrepresentants.ma/sites/default/files/styles/thumbnail/public/pictures/picture-_205.jpg?itok=pNtY5es4,,فاطمة الزهراء المنصوري,Fatima Ezzahra El Mansouri
felomari,Fouad El Omari,Authenticity and Modernity Party,Group of Authenticity and Modernity,http://www.chambredesrepresentants.ma/en/m/felomari,http://www.chambredesrepresentants.ma/sites/default/files/styles/thumbnail/public/pictures/picture-_0.jpg?itok=5ASpG_iV,,فؤاد العماري,Fouad El Omari
fnazih,Fatima Ezzahra Nazih,Popular Movement,Group Movement,http://www.chambredesrepresentants.ma/en/m/fnazih,http://www.chambredesrepresentants.ma/sites/default/files/styles/thumbnail/public/pictures/picture-_341.jpg?itok=f8xhbEBo,,فاطمة الزهراء نزيه,Fatima Ezzahra Nazih
fsaadi,Fatima Saadi,Authenticity and Modernity Party,Group of Authenticity and Modernity,http://www.chambredesrepresentants.ma/en/m/fsaadi,http://www.chambredesrepresentants.ma/sites/default/files/styles/thumbnail/public/pictures/picture-_299.jpg?itok=u21npqj_,,فاطمة سعدي,Fatima Saadi
fsedas,Fatiha Sedas,Socialist Union of Popular Forces,Socialist Group,http://www.chambredesrepresentants.ma/en/m/fsedas,http://www.chambredesrepresentants.ma/sites/default/files/styles/thumbnail/public/pictures/picture-_346.jpg?itok=d5OPPgAK,,فتيحة سداس,Fatiha Sedas
ftahiri,Farouk Tahiri,Justice and Development Party,Groupe of Justice and Development,http://www.chambredesrepresentants.ma/en/m/ftahiri,http://www.chambredesrepresentants.ma/sites/default/files/styles/thumbnail/public/pictures/picture-_31.jpg?itok=iJbO3Q_0,,فاروق الطاهري,Farouk Tahiri
ftoussi,Fatima Toussi,Authenticity and Modernity Party,Group of Authenticity and Modernity,http://www.chambredesrepresentants.ma/en/m/ftoussi,http://www.chambredesrepresentants.ma/sites/default/files/styles/thumbnail/public/pictures/picture-_300.jpg?itok=8Lct-b9K,,فاطمة الطوسي,Fatima Toussi
gaitbenelmadani,Ghita Ait Ben Elmadani,Authenticity and Modernity Party,Group of Authenticity and Modernity,http://www.chambredesrepresentants.ma/en/m/gaitbenelmadani,http://www.chambredesrepresentants.ma/sites/default/files/styles/thumbnail/public/pictures/picture-1300-1485174264.jpg?itok=XO6aMLYR,,غيتة ايت بن المدني,Ghita Ait Ben Elmadani
gbadroun,Ghita Badroun,Authenticity and Modernity Party,Group of Authenticity and Modernity,http://www.chambredesrepresentants.ma/en/m/gbadroun,http://www.chambredesrepresentants.ma/sites/default/files/styles/thumbnail/public/pictures/picture-_354.jpg?itok=EeDarLbS,,غيثة بدرون,Ghita Badroun
gelhatimi,Ghita ElHatimi,Popular Movement,Group Movement,http://www.chambredesrepresentants.ma/en/m/gelhatimi,http://www.chambredesrepresentants.ma/sites/default/files/styles/thumbnail/public/pictures/picture-_343.jpg?itok=jNozKM7m,,غيثة الحاتمي,Ghita ElHatimi
gmerzouki,Ghizlane Merzouki,Constitutional Union,Group of Constitutional Rally,http://www.chambredesrepresentants.ma/en/m/gmerzouki,http://www.chambredesrepresentants.ma/sites/default/files/styles/thumbnail/public/pictures/picture-_337.jpg?itok=XZAgt_Yd,,غزلان مرزوقي,Ghizlane Merzouki
haarif,Hassan Aarif,Constitutional Union,Group of Constitutional Rally,http://www.chambredesrepresentants.ma/en/m/haarif,http://www.chambredesrepresentants.ma/sites/default/files/styles/thumbnail/public/pictures/picture-_103.jpg?itok=SRJ4uayc,,حسن عاريف,Hassan Aarif
hadili,Hassan Adili,Justice and Development Party,Groupe of Justice and Development,http://www.chambredesrepresentants.ma/en/m/hadili,http://www.chambredesrepresentants.ma/sites/default/files/styles/thumbnail/public/pictures/picture-_236.jpg?itok=U4wVv0Oi,,حسن عديلي,Hassan Adili
haitbaha,Hmad Ait baha,National Rally of Independents,Group of Constitutional Rally,http://www.chambredesrepresentants.ma/en/m/haitbaha,http://www.chambredesrepresentants.ma/sites/default/files/styles/thumbnail/public/pictures/picture-_253.jpg?itok=lB4rkyqE,,حماد ايت بها,Hmad Ait baha
hbelqsaoui,Hakima Bel Qsaoui,Popular Movement,Group Movement,http://www.chambredesrepresentants.ma/en/m/hbelqsaoui,http://www.chambredesrepresentants.ma/sites/default/files/styles/thumbnail/public/pictures/picture-_340.jpg?itok=g5xDweir,,حكيمة بل قساوي,Hakima Bel Qsaoui
hbenomar,Hassan Benomar,National Rally of Independents,Group of Constitutional Rally,http://www.chambredesrepresentants.ma/en/m/hbenomar,http://www.chambredesrepresentants.ma/sites/default/files/styles/thumbnail/public/pictures/picture-_156.jpg?itok=z6fvPxeO,,حسن بن عمر,Hassan Benomar
hboufrachen,Hayat Boufrachen,Authenticity and Modernity Party,Group of Authenticity and Modernity,http://www.chambredesrepresentants.ma/en/m/hboufrachen,http://www.chambredesrepresentants.ma/sites/default/files/styles/thumbnail/public/pictures/picture-_302.jpg?itok=TdSm0eLi,,حياة بوفراشن,Hayat Boufrachen
hbourkalan,Hassan Bourkalan,Authenticity and Modernity Party,Group of Authenticity and Modernity,http://www.chambredesrepresentants.ma/en/m/hbourkalan,http://www.chambredesrepresentants.ma/sites/default/files/styles/thumbnail/public/pictures/picture-_251.jpg?itok=ttv3tDwm,,حسن بوركالن,Hassan Bourkalan
hchabat,Hamid Chabat,Independence Party,Istiqlalian group of unity and egalitarianism,http://www.chambredesrepresentants.ma/en/m/hchabat,http://www.chambredesrepresentants.ma/sites/default/files/styles/thumbnail/public/pictures/picture-_52.jpg?itok=exONcxrT,,حميد شباط,Hamid Chabat
hchafik,Hachem Amine Chafik,Constitutional Union,Group of Constitutional Rally,http://www.chambredesrepresentants.ma/en/m/hchafik,http://www.chambredesrepresentants.ma/sites/default/files/styles/thumbnail/public/pictures/picture-_186.jpg?itok=w_QseMmK,,هاشم امين الشفيق,Hachem Amine Chafik
helaarchi,Hamid Elaarchi,National Rally of Independents,Group of Constitutional Rally,http://www.chambredesrepresentants.ma/en/m/helaarchi,http://www.chambredesrepresentants.ma/sites/default/files/styles/thumbnail/public/pictures/picture-_148.jpg?itok=sfbJjf4L,,حميد العرشي,Hamid Elaarchi
helbehja,Hamid Elbehja,National Rally of Independents,Group of Constitutional Rally,http://www.chambredesrepresentants.ma/en/m/helbehja,http://www.chambredesrepresentants.ma/sites/default/files/styles/thumbnail/public/pictures/picture-_272.jpg?itok=nVX0oITl,,حاميد البهجة,Hamid Elbehja
helharis,Hassan Elharis,Justice and Development Party,Groupe of Justice and Development,http://www.chambredesrepresentants.ma/en/m/helharis,http://www.chambredesrepresentants.ma/sites/default/files/styles/thumbnail/public/pictures/picture-_200.jpg?itok=82Q8xZB5,,حسن الحارس,Hassan Elharis
helmaski,Hajar Elmaski,Constitutional Union,Group of Constitutional Rally,http://www.chambredesrepresentants.ma/en/m/helmaski,http://www.chambredesrepresentants.ma/sites/default/files/styles/thumbnail/public/pictures/picture-_338.jpg?itok=o_GZkYts,,هاجر المسقي,Hajar Elmaski
helmechfoua,Hayat Elmechfoua,Authenticity and Modernity Party,Group of Authenticity and Modernity,http://www.chambredesrepresentants.ma/en/m/helmechfoua,http://www.chambredesrepresentants.ma/sites/default/files/styles/thumbnail/public/pictures/picture-_308.jpg?itok=P2P3TxTt,,حياة المشفوع,Hayat Elmechfoua
hfilali,Hassan Filali,National Rally of Independents,Group of Constitutional Rally,http://www.chambredesrepresentants.ma/en/m/hfilali,http://www.chambredesrepresentants.ma/sites/default/files/styles/thumbnail/public/pictures/picture-_114.jpg?itok=W9yBLcjm,,حسن الفيلالي,Hassan Filali
hfouad,Halim Fouad,Authenticity and Modernity Party,Group of Authenticity and Modernity,http://www.chambredesrepresentants.ma/en/m/hfouad,http://www.chambredesrepresentants.ma/sites/default/files/styles/thumbnail/public/pictures/picture-_129.jpg?itok=_EhNIdln,,حليم فؤاد,Halim Fouad
hharami,Hicham Harami,Authenticity and Modernity Party,Group of Authenticity and Modernity,http://www.chambredesrepresentants.ma/en/m/hharami,http://www.chambredesrepresentants.ma/sites/default/files/styles/thumbnail/public/pictures/picture-1186-1485862781.jpg?itok=GfAe2mKI,,هشام هرامي,Hicham Harami
hibrahimi,Hamid Ibrahimi,Popular Movement,Group Movement,http://www.chambredesrepresentants.ma/en/m/hibrahimi,http://www.chambredesrepresentants.ma/sites/default/files/styles/thumbnail/public/pictures/picture-_127.jpg?itok=N2BSLg9c,,حميد ابراهيمي,Hamid Ibrahimi
hlanser,Hassan Lanser,Popular Movement,Group Movement,http://www.chambredesrepresentants.ma/en/m/hlanser,http://www.chambredesrepresentants.ma/sites/default/files/styles/thumbnail/public/pictures/picture-_72.jpg?itok=q2YH4lGo,,حسن العنصر,Hassan Lanser
houahbi,Hamid Ouahbi,Authenticity and Modernity Party,Group of Authenticity and Modernity,http://www.chambredesrepresentants.ma/en/m/houahbi,http://www.chambredesrepresentants.ma/sites/default/files/styles/thumbnail/public/pictures/picture-_258.jpg?itok=sYgcm7Ve,,حميد وهبي,Hamid Ouahbi
houaissi,Hamdi Ouaissi,Socialist Union of Popular Forces,Socialist Group,http://www.chambredesrepresentants.ma/en/m/houaissi,http://www.chambredesrepresentants.ma/sites/default/files/styles/thumbnail/public/pictures/picture-_279.jpg?itok=E3Gd7-2d,,حامدي وايسي,Hamdi Ouaissi
houkacha,Hassan Oukacha,National Rally of Independents,Group of Constitutional Rally,http://www.chambredesrepresentants.ma/en/m/houkacha,http://www.chambredesrepresentants.ma/sites/default/files/styles/thumbnail/public/pictures/picture-_188.jpg?itok=2bewVBe_,,حسن عوكاشا,Hassan Oukacha
hrihab,Hanane Rihab,Socialist Union of Popular Forces,Socialist Group,http://www.chambredesrepresentants.ma/en/m/hrihab,http://www.chambredesrepresentants.ma/sites/default/files/styles/thumbnail/public/pictures/picture-_380.jpg?itok=AGPK88Iv,,حنان رحاب,Hanane Rihab
hsaanan,Hicham Saanan,Independence Party,Istiqlalian group of unity and egalitarianism,http://www.chambredesrepresentants.ma/en/m/hsaanan,http://www.chambredesrepresentants.ma/sites/default/files/styles/thumbnail/public/pictures/picture-_232.jpg?itok=WaRLXKjt,,هشام سعنان,Hicham Saanan
hskihil,Hayat Skihil,Justice and Development Party,Groupe of Justice and Development,http://www.chambredesrepresentants.ma/en/m/hskihil,http://www.chambredesrepresentants.ma/sites/default/files/styles/thumbnail/public/pictures/picture-_322.jpg?itok=hPVF9eS1,,حياة سكيحيل,Hayat Skihil
hsoufi,Hamz Soufi,Justice and Development Party,Groupe of Justice and Development,http://www.chambredesrepresentants.ma/en/m/hsoufi,http://www.chambredesrepresentants.ma/sites/default/files/styles/thumbnail/public/pictures/picture-_215.jpg?itok=LexHbGdX,,حمز الصوفي,Hamz Soufi
ianjar,Idar Anjar,National Rally of Independents,Group of Constitutional Rally,http://www.chambredesrepresentants.ma/en/m/ianjar,http://www.chambredesrepresentants.ma/sites/default/files/styles/thumbnail/public/pictures/picture-_219.jpg?itok=stGajqtG,,ايدار انجار,Idar Anjar
iazzaoui,Ibtissam Azzaoui,Authenticity and Modernity Party,Group of Authenticity and Modernity,http://www.chambredesrepresentants.ma/en/m/iazzaoui,http://www.chambredesrepresentants.ma/sites/default/files/styles/thumbnail/public/pictures/picture-_360.jpg?itok=EqAJnIEl,,ابتسام عزاوي,Ibtissam Azzaoui
ibekkali,Ismail Bekkali,Independence Party,Istiqlalian group of unity and egalitarianism,http://www.chambredesrepresentants.ma/en/m/ibekkali,http://www.chambredesrepresentants.ma/sites/default/files/styles/thumbnail/public/pictures/picture-_21.jpg?itok=cJABWtKH,,اسماعيل البقالي,Ismail Bekkali
ibenrabiaa,Imane Ben Rabiaa,Independence Party,Istiqlalian group of unity and egalitarianism,http://www.chambredesrepresentants.ma/en/m/ibenrabiaa,http://www.chambredesrepresentants.ma/sites/default/files/styles/thumbnail/public/pictures/picture-_329.jpg?itok=wrK8WqNc,,ايمان بن ربيعة,Imane Ben Rabiaa
ichoukri,Ismail Choukri,Justice and Development Party,Groupe of Justice and Development,http://www.chambredesrepresentants.ma/en/m/ichoukri,http://www.chambredesrepresentants.ma/sites/default/files/styles/thumbnail/public/pictures/picture-_257.jpg?itok=m03-OSuB,,اسماعيل شوكري,Ismail Choukri
ielbouyesfi,Ichrak Elbouyesfi,Justice and Development Party,Groupe of Justice and Development,http://www.chambredesrepresentants.ma/en/m/ielbouyesfi,http://www.chambredesrepresentants.ma/sites/default/files/styles/thumbnail/public/pictures/picture-_314.jpg?itok=6tLlxfDi,,اشراق البويسفي,Ichrak Elbouyesfi
ilemmaoui,Ismail Lemmaoui,Authenticity and Modernity Party,Group of Authenticity and Modernity,http://www.chambredesrepresentants.ma/en/m/ilemmaoui,http://www.chambredesrepresentants.ma/sites/default/files/styles/thumbnail/public/pictures/picture-_245.jpg?itok=QYq_vyp7,,اسماعيل لماوي,Ismail Lemmaoui
imeras,Ibtissam Meras,Socialist Union of Popular Forces,Socialist Group,http://www.chambredesrepresentants.ma/en/m/imeras,http://www.chambredesrepresentants.ma/sites/default/files/styles/thumbnail/public/pictures/picture-_344.jpg?itok=KAsEw75t,,ابتسام مراس,Ibtissam Meras
imouhi,Ibrahim Mouhi,Authenticity and Modernity Party,Group of Authenticity and Modernity,http://www.chambredesrepresentants.ma/en/m/imouhi,http://www.chambredesrepresentants.ma/sites/default/files/styles/thumbnail/public/pictures/picture-_136.jpg?itok=mF7Kpwmw,,ابراهيم الموحي,Ibrahim Mouhi
iyaacoubi,Imane Yaacoubi,Justice and Development Party,Groupe of Justice and Development,http://www.chambredesrepresentants.ma/en/m/iyaacoubi,http://www.chambredesrepresentants.ma/sites/default/files/styles/thumbnail/public/pictures/picture-_365.jpg?itok=MJr8oIN2,,ايمان اليعقوبي,Imane Yaacoubi
jafif,Jamila Afif,Authenticity and Modernity Party,Group of Authenticity and Modernity,http://www.chambredesrepresentants.ma/en/m/jafif,http://www.chambredesrepresentants.ma/sites/default/files/styles/thumbnail/public/pictures/picture-_208.jpg?itok=SceqHd9K,,جميلة عفيف,Jamila Afif
jbenchekrounkrimi,Jamal Benchekroun Krimi,Party of Progress and Socialism,Parliamentary group of progress and Socialism,http://www.chambredesrepresentants.ma/en/m/jbenchekrounkrimi,http://www.chambredesrepresentants.ma/sites/default/files/styles/thumbnail/public/pictures/picture-_374.jpg?itok=OIcQCEE2,,جمال بنشقرون كريمي,Jamal Benchekroun Krimi
jdaouahi,Jaouad Daouahi,Authenticity and Modernity Party,Group of Authenticity and Modernity,http://www.chambredesrepresentants.ma/en/m/jdaouahi,http://www.chambredesrepresentants.ma/sites/default/files/styles/thumbnail/public/pictures/picture-_68.jpg?itok=nwHNhPXe,,جواد دواحي,Jaouad Daouahi
jgharib,Jaouad Gharib,National Rally of Independents,Group of Constitutional Rally,http://www.chambredesrepresentants.ma/en/m/jgharib,http://www.chambredesrepresentants.ma/sites/default/files/styles/thumbnail/public/pictures/picture-_110.jpg?itok=7D8tTq8t,,جواد غريب,Jaouad Gharib
jiraki,jaouad Iraki,Justice and Development Party,Groupe of Justice and Development,http://www.chambredesrepresentants.ma/en/m/jiraki,http://www.chambredesrepresentants.ma/sites/default/files/styles/thumbnail/public/pictures/picture-_154.jpg?itok=cpWHPWmf,,جواد عراقي,jaouad Iraki
jmessaoudi,Jamal Messaoudi,Justice and Development Party,Groupe of Justice and Development,http://www.chambredesrepresentants.ma/en/m/jmessaoudi,http://www.chambredesrepresentants.ma/sites/default/files/styles/thumbnail/public/pictures/picture-_84.jpg?itok=p45cTFeA,,جمال مسعودي,Jamal Messaoudi
jmoatassim,Jamaa Moatassim,Justice and Development Party,Groupe of Justice and Development,http://www.chambredesrepresentants.ma/en/m/jmoatassim,http://www.chambredesrepresentants.ma/sites/default/files/styles/thumbnail/public/pictures/picture-_94.jpg?itok=q-C_7Mze,,جامع المعتصم,Jamaa Moatassim
jnaciri,jaouad Naciri,Authenticity and Modernity Party,Group of Authenticity and Modernity,http://www.chambredesrepresentants.ma/en/m/jnaciri,http://www.chambredesrepresentants.ma/sites/default/files/styles/thumbnail/public/pictures/picture-_254.jpg?itok=x7sPzekq,,جواد الناصري,jaouad Naciri
kchami,Khadija Chami,Justice and Development Party,Groupe of Justice and Development,http://www.chambredesrepresentants.ma/en/m/kchami,http://www.chambredesrepresentants.ma/sites/default/files/styles/thumbnail/public/pictures/picture-_317.jpg?itok=D0ZisOVl,,خديجة شامي,Khadija Chami
kchaoui,Karim Chaoui,Constitutional Union,Group of Constitutional Rally,http://www.chambredesrepresentants.ma/en/m/kchaoui,http://www.chambredesrepresentants.ma/sites/default/files/styles/thumbnail/public/pictures/picture-_376.jpg?itok=kwy_6srX,,كريم شاوي,Karim Chaoui
kchennaq,Khaled Chennaq,National Rally of Independents,Group of Constitutional Rally,http://www.chambredesrepresentants.ma/en/m/kchennaq,http://www.chambredesrepresentants.ma/sites/default/files/styles/thumbnail/public/pictures/picture-_383.jpg?itok=FcO1HnHX,,خالد الشناق,Khaled Chennaq
kelboukarai,Khalid ElBoukarai,Justice and Development Party,Groupe of Justice and Development,http://www.chambredesrepresentants.ma/en/m/kelboukarai,http://www.chambredesrepresentants.ma/sites/default/files/styles/thumbnail/public/pictures/picture-_64.jpg?itok=18vZ6WTo,,خالد البوقرعي,Khalid ElBoukarai
kelomari,Kamal ElOmari,National Rally of Independents,Group of Constitutional Rally,http://www.chambredesrepresentants.ma/en/m/kelomari,http://www.chambredesrepresentants.ma/sites/default/files/styles/thumbnail/public/pictures/picture-_382.jpg?itok=rTMpooHl,,كمال العمري,Kamal ElOmari
klaafou,Kamal Laafou,Popular Movement,Group Movement,http://www.chambredesrepresentants.ma/en/m/klaafou,http://www.chambredesrepresentants.ma/sites/default/files/styles/thumbnail/public/pictures/picture-_378.jpg?itok=kVGjNuTs,,كمال لعفو,Kamal Laafou
kmansouri,Khaled Mansouri,Authenticity and Modernity Party,Group of Authenticity and Modernity,http://www.chambredesrepresentants.ma/en/m/kmansouri,http://www.chambredesrepresentants.ma/sites/default/files/styles/thumbnail/public/pictures/picture-_128.jpg?itok=wBonolDx,,خالد المنصوري,Khaled Mansouri
kredouani,Khadija Redouani,Independence Party,Istiqlalian group of unity and egalitarianism,http://www.chambredesrepresentants.ma/en/m/kredouani,http://www.chambredesrepresentants.ma/sites/default/files/styles/thumbnail/public/pictures/picture-_330.jpg?itok=oPdeo-BU,,خديجة رضواني,Khadija Redouani
ktkoukin,Khaled Tkoukin,Justice and Development Party,Groupe of Justice and Development,http://www.chambredesrepresentants.ma/en/m/ktkoukin,http://www.chambredesrepresentants.ma/sites/default/files/styles/thumbnail/public/pictures/picture-_135.jpg?itok=woQlmIV-,,خاليد تكوكين,Khaled Tkoukin
kziyani,Khadija Ziyani,Constitutional Union,Group of Constitutional Rally,http://www.chambredesrepresentants.ma/en/m/kziyani,http://www.chambredesrepresentants.ma/sites/default/files/styles/thumbnail/public/pictures/picture-_336.jpg?itok=TDEwf4Ul,,خديجة الزياني,Khadija Ziyani
lahkim,Leila Ahkim,Popular Movement,Group Movement,http://www.chambredesrepresentants.ma/en/m/lahkim,http://www.chambredesrepresentants.ma/sites/default/files/styles/thumbnail/public/pictures/picture-_339.jpg?itok=Uqd67IV6,,ليلى احكيم,Leila Ahkim
laitichou,Lahcen Ait Ichou,Popular Movement,Group Movement,http://www.chambredesrepresentants.ma/en/m/laitichou,http://www.chambredesrepresentants.ma/sites/default/files/styles/thumbnail/public/pictures/picture-_143.jpg?itok=LYxZrqfo,,لحسن ايت اشو,Lahcen Ait Ichou
ldaoudi,Lahcen Daoudi,Justice and Development Party,Groupe of Justice and Development,http://www.chambredesrepresentants.ma/en/m/ldaoudi,http://www.chambredesrepresentants.ma/sites/default/files/styles/thumbnail/public/pictures/picture-_125.jpg?itok=Cy74SvLS,,لحسن الداودي,Lahcen Daoudi
lelhamoud,Latifa Elhamoud,Authenticity and Modernity Party,Group of Authenticity and Modernity,http://www.chambredesrepresentants.ma/en/m/lelhamoud,http://www.chambredesrepresentants.ma/sites/default/files/styles/thumbnail/public/pictures/picture-_307.jpg?itok=3jGY5ClD,,لطيفة الحمود,Latifa Elhamoud
lelkohli,Loubna Elkohli,Justice and Development Party,Groupe of Justice and Development,http://www.chambredesrepresentants.ma/en/m/lelkohli,http://www.chambredesrepresentants.ma/sites/default/files/styles/thumbnail/public/pictures/picture-_362.jpg?itok=8XOOkEHc,,لبنى الكحلي,Loubna Elkohli
lhaddad,Lahcen Haddad,Independence Party,Istiqlalian group of unity and egalitarianism,http://www.chambredesrepresentants.ma/en/m/lhaddad,http://www.chambredesrepresentants.ma/sites/default/files/styles/thumbnail/public/pictures/picture-_149.jpg?itok=z46dX8hI,,لحسن حداد,Lahcen Haddad
louaari,Lahcen Ouaari,Justice and Development Party,Groupe of Justice and Development,http://www.chambredesrepresentants.ma/en/m/louaari,http://www.chambredesrepresentants.ma/sites/default/files/styles/thumbnail/public/pictures/picture-_255.jpg?itok=DDvP0F1Z,,لحسن واعري,Lahcen Ouaari
lsekkouri,Lahcen Sekkouri,Popular Movement,Group Movement,http://www.chambredesrepresentants.ma/en/m/lsekkouri,http://www.chambredesrepresentants.ma/sites/default/files/styles/thumbnail/public/pictures/picture-_71.jpg?itok=ufbCDYet,,لحسن سكوري,Lahcen Sekkouri
ltahiri,Loubna Tahiri,Popular Movement,Group Movement,http://www.chambredesrepresentants.ma/en/m/ltahiri,http://www.chambredesrepresentants.ma/sites/default/files/styles/thumbnail/public/pictures/picture-_342.jpg?itok=MErFH-SL,,لبنى طاهري,Loubna Tahiri
mabbou,Mohamed Abbou,National Rally of Independents,Group of Constitutional Rally,http://www.chambredesrepresentants.ma/en/m/mabbou,http://www.chambredesrepresentants.ma/sites/default/files/styles/thumbnail/public/pictures/picture-1064-1485868754.png?itok=kT0uRJR0,,محمد عبو,Mohamed Abbou
machrit,Mouna Achrit,Authenticity and Modernity Party,Group of Authenticity and Modernity,http://www.chambredesrepresentants.ma/en/m/machrit,http://www.chambredesrepresentants.ma/sites/default/files/styles/thumbnail/public/pictures/picture-_357.jpg?itok=X03lfxC9,,مونى اشريط,Mouna Achrit
maftati,Mimouna Aftati,Justice and Development Party,Groupe of Justice and Development,http://www.chambredesrepresentants.ma/en/m/maftati,http://www.chambredesrepresentants.ma/sites/default/files/styles/thumbnail/public/pictures/picture-_311.jpg?itok=-DGABEui,,ميمونة افتاتي,Mimouna Aftati
mahnine,Mohamed Larbi Ahnine,Party of Progress and Socialism,Parliamentary group of progress and Socialism,http://www.chambredesrepresentants.ma/en/m/mahnine,http://www.chambredesrepresentants.ma/sites/default/files/styles/thumbnail/public/pictures/picture-_8.jpg?itok=7mlSSgvg,,محمد العربي احنين,Mohamed Larbi Ahnine
mahouit,Mohamed Ahouit,Socialist Union of Popular Forces,Socialist Group,http://www.chambredesrepresentants.ma/en/m/mahouit,http://www.chambredesrepresentants.ma/sites/default/files/styles/thumbnail/public/pictures/picture-_25.jpg?itok=O-ct-a84,,محمد احويط,Mohamed Ahouit
maithammou,Miloud Ait Hammou,Authenticity and Modernity Party,Group of Authenticity and Modernity,http://www.chambredesrepresentants.ma/en/m/maithammou,http://www.chambredesrepresentants.ma/sites/default/files/styles/thumbnail/public/pictures/picture-1205-1485174622.jpg?itok=0n39hd2I,,ميلود ايت حمو,Miloud Ait Hammou
majbil,Mohamed Ajbil,Authenticity and Modernity Party,Group of Authenticity and Modernity,http://www.chambredesrepresentants.ma/en/m/majbil,http://www.chambredesrepresentants.ma/sites/default/files/styles/thumbnail/public/pictures/picture-_174.jpg?itok=n4Qxx-Ya,,محمد اجبيل,Mohamed Ajbil
malami,Meriem Alami,Authenticity and Modernity Party,Group of Authenticity and Modernity,http://www.chambredesrepresentants.ma/en/m/malami,http://www.chambredesrepresentants.ma/sites/default/files/styles/thumbnail/public/pictures/picture-_303.jpg?itok=cXhx0DAt,,مريم عالمي,Meriem Alami
mamghar,Mohamed Amghar,Democratic and Social Movement,Group of Constitutional Rally,http://www.chambredesrepresentants.ma/en/m/mamghar,http://www.chambredesrepresentants.ma/sites/default/files/styles/thumbnail/public/pictures/picture-_80.jpg?itok=v-zreR3O,,محمد امغار,Mohamed Amghar
mamri,Mahmoud Amri,Justice and Development Party,Groupe of Justice and Development,http://www.chambredesrepresentants.ma/en/m/mamri,http://www.chambredesrepresentants.ma/sites/default/files/styles/thumbnail/public/pictures/picture-1358-1485172965.jpg?itok=emwOa8pG,,محمود امري,Mahmoud Amri
mbaytas,Mustapha Baytas,National Rally of Independents,Group of Constitutional Rally,http://www.chambredesrepresentants.ma/en/m/mbaytas,http://www.chambredesrepresentants.ma/sites/default/files/styles/thumbnail/public/pictures/picture-_381.jpg?itok=C785kPZ0,,مصطفى بايتاس,Mustapha Baytas
mbekkaoui,Mohamed Bekkaoui,Independence Party,Istiqlalian group of unity and egalitarianism,http://www.chambredesrepresentants.ma/en/m/mbekkaoui,http://www.chambredesrepresentants.ma/sites/default/files/styles/thumbnail/public/pictures/picture-_40.jpg?itok=1Ha-Ml3v,,محمد البكاوي,Mohamed Bekkaoui
mbelafkih,Mohamed Belafkih,Socialist Union of Popular Forces,Socialist Group,http://www.chambredesrepresentants.ma/en/m/mbelafkih,http://www.chambredesrepresentants.ma/sites/default/files/styles/thumbnail/public/pictures/picture-_283.jpg?itok=XEAcXhzW,,محمد بلفقيه,Mohamed Belafkih
mbelcaid,Mohamed Larbi Belcaid,Justice and Development Party,Groupe of Justice and Development,http://www.chambredesrepresentants.ma/en/m/mbelcaid,http://www.chambredesrepresentants.ma/sites/default/files/styles/thumbnail/public/pictures/picture-_211.jpg?itok=7nlaMozo,,محمد العربي بلقائد,Mohamed Larbi Belcaid
mbelhassan,Mohamed Belhassan,Independence Party,Istiqlalian group of unity and egalitarianism,http://www.chambredesrepresentants.ma/en/m/mbelhassan,http://www.chambredesrepresentants.ma/sites/default/files/styles/thumbnail/public/pictures/picture-_240.jpg?itok=OFMcLj-D,,محمد بلحسان,Mohamed Belhassan
mbenarbia,Majda Benarbia,Justice and Development Party,Groupe of Justice and Development,http://www.chambredesrepresentants.ma/en/m/mbenarbia,http://www.chambredesrepresentants.ma/sites/default/files/styles/thumbnail/public/pictures/picture-_309.jpg?itok=ngNUbToD,,مجدة بنعربية,Majda Benarbia
mbenatiya,Mohamed Benatiya,Authenticity and Modernity Party,Group of Authenticity and Modernity,http://www.chambredesrepresentants.ma/en/m/mbenatiya,http://www.chambredesrepresentants.ma/sites/default/files/styles/thumbnail/public/pictures/picture-_99.jpg?itok=o2ICqS3G,,محمد بنعطية,Mohamed Benatiya
mbenjelloul,Mohamed Benjelloul,Justice and Development Party,Groupe of Justice and Development,http://www.chambredesrepresentants.ma/en/m/mbenjelloul,http://www.chambredesrepresentants.ma/sites/default/files/styles/thumbnail/public/pictures/picture-_189.jpg?itok=jd8auN4P,,محمد بنجلول,Mohamed Benjelloul
mbernichi,Mohamed Bernichi,Authenticity and Modernity Party,Group of Authenticity and Modernity,http://www.chambredesrepresentants.ma/en/m/mbernichi,http://www.chambredesrepresentants.ma/sites/default/files/styles/thumbnail/public/pictures/picture-_44.jpg?itok=gUOTqvkB,,محمد البرنيشي,Mohamed Bernichi
mbouaida,Mbarka Bouaida,National Rally of Independents,Group of Constitutional Rally,http://www.chambredesrepresentants.ma/en/m/mbouaida,http://www.chambredesrepresentants.ma/sites/default/files/styles/thumbnail/public/pictures/picture-_278.jpg?itok=1yCzmH2E,,مباركة بوعيدة,Mbarka Bouaida
mboubker,Mohamed Boubker,Authenticity and Modernity Party,Group of Authenticity and Modernity,http://www.chambredesrepresentants.ma/en/m/mboubker,http://www.chambredesrepresentants.ma/sites/default/files/styles/thumbnail/public/pictures/picture-_296.jpg?itok=_UzUpftG,,محمد بوبكر,Mohamed Boubker
mbouchnif,Mohamed Bouchnif,Justice and Development Party,Groupe of Justice and Development,http://www.chambredesrepresentants.ma/en/m/mbouchnif,http://www.chambredesrepresentants.ma/sites/default/files/styles/thumbnail/public/pictures/picture-_192.jpg?itok=S2RVs5ne,,محمد بوشنيف,Mohamed Bouchnif
mboudes,Mohamed Boudes,Independence Party,Istiqlalian group of unity and egalitarianism,http://www.chambredesrepresentants.ma/en/m/mboudes,http://www.chambredesrepresentants.ma/sites/default/files/styles/thumbnail/public/pictures/picture-_82.jpg?itok=UgsKx_jg,,محمد بودس,Mohamed Boudes
mbouhdoud,Mohamed Bouhdoud,National Rally of Independents,Group of Constitutional Rally,http://www.chambredesrepresentants.ma/en/m/mbouhdoud,http://www.chambredesrepresentants.ma/sites/default/files/styles/thumbnail/public/pictures/picture-_269.jpg?itok=YQvfW-r-,,محمد بوهدود,Mohamed Bouhdoud
mboujemaa,Meriama Boujemaa,Justice and Development Party,Groupe of Justice and Development,http://www.chambredesrepresentants.ma/en/m/mboujemaa,http://www.chambredesrepresentants.ma/sites/default/files/styles/thumbnail/public/pictures/picture-_316.jpg?itok=PDrqeaQq,,مريمة بوجمعة,Meriama Boujemaa
mboulif,Mohamed Najib Boulif,Justice and Development Party,Groupe of Justice and Development,http://www.chambredesrepresentants.ma/en/m/mboulif,http://www.chambredesrepresentants.ma/sites/default/files/styles/thumbnail/public/pictures/picture-_1.jpg?itok=c85676fm,,محمد نجيب بوليف,Mohamed Najib Boulif
mbourkayou,Mouloud Bourkayou,Constitutional Union,Group of Constitutional Rally,http://www.chambredesrepresentants.ma/en/m/mbourkayou,http://www.chambredesrepresentants.ma/sites/default/files/styles/thumbnail/public/pictures/picture-_133.jpg?itok=3JS3YMCt,,مولود بركايو,Mouloud Bourkayou
mchennaoui,Mustapha Chennaoui,United Socialist Party,Deputies Non-members of group or Parliamentary group,http://www.chambredesrepresentants.ma/en/m/mchennaoui,http://www.chambredesrepresentants.ma/sites/default/files/styles/thumbnail/public/pictures/picture-1137-1485344439.jpg?itok=QgsqP8HN,,مصطفى شناوي,Mustapha Chennaoui
mchrourou,Mohamed Chrourou,Authenticity and Modernity Party,Group of Authenticity and Modernity,http://www.chambredesrepresentants.ma/en/m/mchrourou,http://www.chambredesrepresentants.ma/sites/default/files/styles/thumbnail/public/pictures/picture-_112.jpg?itok=LU27gK0I,,محمد اشرورو,Mohamed Chrourou
mdidi,Mohamed Elamine Didi,Popular Movement,Group Movement,http://www.chambredesrepresentants.ma/en/m/mdidi,http://www.chambredesrepresentants.ma/sites/default/files/styles/thumbnail/public/pictures/picture-_294.jpg?itok=j3iPQ6uc,,محمد الامين ديدى,Mohamed Elamine Didi
mdrissi,Mohamed Drissi,Justice and Development Party,Groupe of Justice and Development,http://www.chambredesrepresentants.ma/en/m/mdrissi,http://www.chambredesrepresentants.ma/sites/default/files/styles/thumbnail/public/pictures/picture-_73.jpg?itok=iDyBEjE9,,محمد دريسي,Mohamed Drissi
melhafed,Mohamed Elhafed,Independence Party,Istiqlalian group of unity and egalitarianism,http://www.chambredesrepresentants.ma/en/m/melhafed,http://www.chambredesrepresentants.ma/sites/default/files/styles/thumbnail/public/pictures/picture-_120.jpg?itok=JKWxjmHf,,محمد الحافظ,Mohamed Elhafed
melharti,Mohamed Elharti,Justice and Development Party,Groupe of Justice and Development,http://www.chambredesrepresentants.ma/en/m/melharti,http://www.chambredesrepresentants.ma/sites/default/files/styles/thumbnail/public/pictures/picture-_57.jpg?itok=ggUKLByP,,محمد الحارتي,Mohamed Elharti
melhaya,Mustapha Elhaya,Justice and Development Party,Groupe of Justice and Development,http://www.chambredesrepresentants.ma/en/m/melhaya,http://www.chambredesrepresentants.ma/sites/default/files/styles/thumbnail/public/pictures/picture-_172.jpg?itok=4dc3xWeb,,مصطفى الحيا,Mustapha Elhaya
melhilali,Mohamed ElHilali,Authenticity and Modernity Party,Group of Authenticity and Modernity,http://www.chambredesrepresentants.ma/en/m/melhilali,http://www.chambredesrepresentants.ma/sites/default/files/styles/thumbnail/public/pictures/picture-_100.jpg?itok=PxVsxusC,,محمد الهلالي,Mohamed ElHilali
melkhalfi,Mustapha Elkhalfi,Justice and Development Party,Groupe of Justice and Development,http://www.chambredesrepresentants.ma/en/m/melkhalfi,http://www.chambredesrepresentants.ma/sites/default/files/styles/thumbnail/public/pictures/picture-_201.jpg?itok=HZniBE9B,,مصطفى الخلفي,Mustapha Elkhalfi
